use team3_648_test;

insert into category (id, createdAt, updatedAt, name) values (1, '2020-04-21 10:34:29', '2020-03-28 18:31:30', 'appliances');
insert into category (id, createdAt, updatedAt, name) values (2, '2020-07-25 04:28:29', '2020-05-12 17:36:21', 'books');
insert into category (id, createdAt, updatedAt, name) values (3, '2020-08-09 01:33:02', '2020-10-13 11:20:48', 'clothing');
insert into category (id, createdAt, updatedAt, name) values (4, '2020-10-19 19:17:34', '2020-05-15 06:01:50', 'electronics');
insert into category (id, createdAt, updatedAt, name) values (5, '2020-06-19 03:34:34', '2020-09-15 16:41:18', 'services');


insert into class (id, createdAt, updatedAt, name, major, number) values (1, '2020-03-19 22:19:09', '2020-04-07 03:45:43', 'Calculus', 'MATH', 226);
insert into class (id, createdAt, updatedAt, name, major, number) values (2, '2020-05-07 18:49:37', '2020-02-10 12:53:48', 'Probability and Statistics', 'MATH', 324);
insert into class (id, createdAt, updatedAt, name, major, number) values (3, '2020-05-05 22:22:10', '2019-12-26 22:51:28', 'Linear Algebra', 'MATH', 325);
insert into class (id, createdAt, updatedAt, name, major, number) values (4, '2020-08-23 00:57:29', '2020-05-10 20:59:18', 'Discrete Mathematics', 'MATH', 230);
insert into class (id, createdAt, updatedAt, name, major, number) values (5, '2020-01-08 20:45:19', '2020-02-05 07:26:55', 'Data Structures', 'CS', 220);
insert into class (id, createdAt, updatedAt, name, major, number) values (6, '2020-11-07 10:15:03', '2020-01-01 04:44:32', 'Intro to Programming', 'CS', 210);
insert into class (id, createdAt, updatedAt, name, major, number) values (7, '2020-01-07 08:35:01', '2019-12-10 13:29:33', 'Programming Methodology', 'CS', 340);
insert into class (id, createdAt, updatedAt, name, major, number) values (8, '2020-07-06 09:01:54', '2020-03-27 21:35:50', 'Software Development', 'CS', 413);

insert into listing (id, createdAt, updatedAt, title, description, price, isbn, categoryId, classId) values (1, '2019-12-30 21:52:15', '2020-04-14 09:32:00', 'Ergonomic responsive framework', 'Vestibulum ac est lacinia nisi venenatis tristique. Fusce congue, diam id ornare imperdiet, sapien urna pretium nisl, ut volutpat sapien arcu sed augue. Aliquam erat volutpat.', 37833, '552948300-3', 1, 5);
insert into listing (id, createdAt, updatedAt, title, description, price, isbn, categoryId, classId) values (2, '2020-01-26 07:48:32', '2020-01-02 13:59:02', 'Face to face solution-oriented frame', 'In congue. Etiam justo. Etiam pretium iaculis justo.

In hac habitasse platea dictumst. Etiam faucibus cursus urna. Ut tellus.

Nulla ut erat id mauris vulputate elementum. Nullam varius. Nulla facilisi.

Cras non velit nec nisi vulputate nonummy. Maecenas tincidunt lacus at velit. Vivamus vel nulla eget eros elementum pellentesque.', 11386, '946954582-6', 4, 3);
insert into listing (id, createdAt, updatedAt, title, description, price, isbn, categoryId, classId) values (3, '2020-03-29 05:51:43', '2020-01-06 16:48:31', 'Enterprise-wide needs-based software', 'Aenean fermentum. Donec ut mauris eget massa tempor convallis. Nulla neque libero, convallis eget, eleifend luctus, ultricies eu, nibh.

Quisque id justo sit amet sapien dignissim vestibulum. Vestibulum ante ipsum primis in faucibus orci luctus et ultrices posuere cubilia Curae; Nulla dapibus dolor vel est. Donec odio justo, sollicitudin ut, suscipit a, feugiat et, eros.

Vestibulum ac est lacinia nisi venenatis tristique. Fusce congue, diam id ornare imperdiet, sapien urna pretium nisl, ut volutpat sapien arcu sed augue. Aliquam erat volutpat.', 44961, '778566039-5', 4, 7);
insert into listing (id, createdAt, updatedAt, title, description, price, isbn, categoryId, classId) values (4, '2020-08-15 11:21:26', '2020-06-19 04:58:27', 'Open-architected mobile complexity', 'Cras non velit nec nisi vulputate nonummy. Maecenas tincidunt lacus at velit. Vivamus vel nulla eget eros elementum pellentesque.', 62413, '220009162-1', 4, 1);
insert into listing (id, createdAt, updatedAt, title, description, price, isbn, categoryId, classId) values (5, '2020-03-05 07:43:31', '2019-12-07 08:06:43', 'Integrated systematic system engine', 'Etiam vel augue. Vestibulum rutrum rutrum neque. Aenean auctor gravida sem.

Praesent id massa id nisl venenatis lacinia. Aenean sit amet justo. Morbi ut odio.', 71343, '752943345-8', 3, 7);
insert into listing (id, createdAt, updatedAt, title, description, price, isbn, categoryId, classId) values (6, '2020-04-26 04:47:41', '2020-09-24 21:31:51', 'Synergized uniform array', 'Fusce consequat. Nulla nisl. Nunc nisl.

Duis bibendum, felis sed interdum venenatis, turpis enim blandit mi, in porttitor pede justo eu massa. Donec dapibus. Duis at velit eu est congue elementum.

In hac habitasse platea dictumst. Morbi vestibulum, velit id pretium iaculis, diam erat fermentum justo, nec condimentum neque sapien placerat ante. Nulla justo.

Aliquam quis turpis eget elit sodales scelerisque. Mauris sit amet eros. Suspendisse accumsan tortor quis turpis.', 62532, '099144797-2', 3, 7);
insert into listing (id, createdAt, updatedAt, title, description, price, isbn, categoryId, classId) values (7, '2020-04-21 15:58:44', '2020-05-28 02:33:42', 'Programmable empowering matrices', 'Aliquam quis turpis eget elit sodales scelerisque. Mauris sit amet eros. Suspendisse accumsan tortor quis turpis.

Sed ante. Vivamus tortor. Duis mattis egestas metus.

Aenean fermentum. Donec ut mauris eget massa tempor convallis. Nulla neque libero, convallis eget, eleifend luctus, ultricies eu, nibh.', 70565, '563695631-2', 5, 3);
insert into listing (id, createdAt, updatedAt, title, description, price, isbn, categoryId, classId) values (8, '2020-09-13 06:56:00', '2020-02-05 16:58:47', 'Customizable user-facing interface', 'Cum sociis natoque penatibus et magnis dis parturient montes, nascetur ridiculus mus. Vivamus vestibulum sagittis sapien. Cum sociis natoque penatibus et magnis dis parturient montes, nascetur ridiculus mus.', 84502, '733481933-0', 2, 1);
insert into listing (id, createdAt, updatedAt, title, description, price, isbn, categoryId, classId) values (9, '2020-03-18 03:24:18', '2019-12-11 22:32:28', 'Right-sized zero administration forecast', 'Proin leo odio, porttitor id, consequat in, consequat ut, nulla. Sed accumsan felis. Ut at dolor quis odio consequat varius.

Integer ac leo. Pellentesque ultrices mattis odio. Donec vitae nisi.

Nam ultrices, libero non mattis pulvinar, nulla pede ullamcorper augue, a suscipit nulla elit ac nulla. Sed vel enim sit amet nunc viverra dapibus. Nulla suscipit ligula in lacus.

Curabitur at ipsum ac tellus semper interdum. Mauris ullamcorper purus sit amet nulla. Quisque arcu libero, rutrum ac, lobortis vel, dapibus at, diam.', 99646, '900882124-9', 4, 4);
insert into listing (id, createdAt, updatedAt, title, description, price, isbn, categoryId, classId) values (10, '2020-08-21 03:46:28', '2019-11-21 02:14:04', 'Right-sized user-facing hardware', 'Maecenas ut massa quis augue luctus tincidunt. Nulla mollis molestie lorem. Quisque ut erat.

Curabitur gravida nisi at nibh. In hac habitasse platea dictumst. Aliquam augue quam, sollicitudin vitae, consectetuer eget, rutrum at, lorem.

Integer tincidunt ante vel ipsum. Praesent blandit lacinia erat. Vestibulum sed magna at nunc commodo placerat.

Praesent blandit. Nam nulla. Integer pede justo, lacinia eget, tincidunt eget, tempus vel, pede.', 18214, '408732693-4', 3, 4);
insert into listing (id, createdAt, updatedAt, title, description, price, isbn, categoryId, classId) values (11, '2019-12-23 19:48:54', '2020-03-13 03:25:20', 'Advanced multi-state analyzer', 'Phasellus sit amet erat. Nulla tempus. Vivamus in felis eu sapien cursus vestibulum.

Proin eu mi. Nulla ac enim. In tempor, turpis nec euismod scelerisque, quam turpis adipiscing lorem, vitae mattis nibh ligula nec sem.

Duis aliquam convallis nunc. Proin at turpis a pede posuere nonummy. Integer non velit.', 6095, '455798798-2', 2, 6);
insert into listing (id, createdAt, updatedAt, title, description, price, isbn, categoryId, classId) values (12, '2020-01-20 21:31:32', '2020-01-03 17:16:03', 'Triple-buffered well-modulated standardization', 'Pellentesque at nulla. Suspendisse potenti. Cras in purus eu magna vulputate luctus.

Cum sociis natoque penatibus et magnis dis parturient montes, nascetur ridiculus mus. Vivamus vestibulum sagittis sapien. Cum sociis natoque penatibus et magnis dis parturient montes, nascetur ridiculus mus.', 26314, '040718596-8', 3, 5);
insert into listing (id, createdAt, updatedAt, title, description, price, isbn, categoryId, classId) values (13, '2020-01-28 09:27:47', '2020-05-23 04:51:01', 'Realigned static website', 'Aliquam quis turpis eget elit sodales scelerisque. Mauris sit amet eros. Suspendisse accumsan tortor quis turpis.

Sed ante. Vivamus tortor. Duis mattis egestas metus.

Aenean fermentum. Donec ut mauris eget massa tempor convallis. Nulla neque libero, convallis eget, eleifend luctus, ultricies eu, nibh.', 31059, '561357816-8', 2, 8);
insert into listing (id, createdAt, updatedAt, title, description, price, isbn, categoryId, classId) values (14, '2020-03-03 19:52:33', '2020-06-30 06:53:44', 'Re-contextualized incremental task-force', 'Cras mi pede, malesuada in, imperdiet et, commodo vulputate, justo. In blandit ultrices enim. Lorem ipsum dolor sit amet, consectetuer adipiscing elit.

Proin interdum mauris non ligula pellentesque ultrices. Phasellus id sapien in sapien iaculis congue. Vivamus metus arcu, adipiscing molestie, hendrerit at, vulputate vitae, nisl.

Aenean lectus. Pellentesque eget nunc. Donec quis orci eget orci vehicula condimentum.', 63857, '915787167-1', 1, 2);
insert into listing (id, createdAt, updatedAt, title, description, price, isbn, categoryId, classId) values (15, '2020-05-26 13:25:22', '2020-04-06 14:53:11', 'Balanced responsive concept', 'Duis bibendum, felis sed interdum venenatis, turpis enim blandit mi, in porttitor pede justo eu massa. Donec dapibus. Duis at velit eu est congue elementum.

In hac habitasse platea dictumst. Morbi vestibulum, velit id pretium iaculis, diam erat fermentum justo, nec condimentum neque sapien placerat ante. Nulla justo.

Aliquam quis turpis eget elit sodales scelerisque. Mauris sit amet eros. Suspendisse accumsan tortor quis turpis.', 61942, '639025424-5', 2, 8);
insert into listing (id, createdAt, updatedAt, title, description, price, isbn, categoryId, classId) values (16, '2020-01-19 13:56:42', '2019-12-28 17:05:19', 'Robust grid-enabled flexibility', 'Mauris enim leo, rhoncus sed, vestibulum sit amet, cursus id, turpis. Integer aliquet, massa id lobortis convallis, tortor risus dapibus augue, vel accumsan tellus nisi eu orci. Mauris lacinia sapien quis libero.', 61281, '536052373-5', 1, 5);
insert into listing (id, createdAt, updatedAt, title, description, price, isbn, categoryId, classId) values (17, '2020-01-19 10:33:00', '2020-09-25 05:44:49', 'Customizable multi-state analyzer', 'Mauris enim leo, rhoncus sed, vestibulum sit amet, cursus id, turpis. Integer aliquet, massa id lobortis convallis, tortor risus dapibus augue, vel accumsan tellus nisi eu orci. Mauris lacinia sapien quis libero.

Nullam sit amet turpis elementum ligula vehicula consequat. Morbi a ipsum. Integer a nibh.

In quis justo. Maecenas rhoncus aliquam lacus. Morbi quis tortor id nulla ultrices aliquet.

Maecenas leo odio, condimentum id, luctus nec, molestie sed, justo. Pellentesque viverra pede ac diam. Cras pellentesque volutpat dui.', 2213, '319325570-X', 4, 4);
insert into listing (id, createdAt, updatedAt, title, description, price, isbn, categoryId, classId) values (18, '2020-06-11 18:23:54', '2020-03-28 16:21:35', 'Future-proofed actuating intranet', 'Quisque porta volutpat erat. Quisque erat eros, viverra eget, congue eget, semper rutrum, nulla. Nunc purus.

Phasellus in felis. Donec semper sapien a libero. Nam dui.

Proin leo odio, porttitor id, consequat in, consequat ut, nulla. Sed accumsan felis. Ut at dolor quis odio consequat varius.', 22511, '761860584-X', 2, 6);
insert into listing (id, createdAt, updatedAt, title, description, price, isbn, categoryId, classId) values (19, '2020-07-30 22:37:37', '2020-04-06 10:53:06', 'Phased global contingency', 'In hac habitasse platea dictumst. Morbi vestibulum, velit id pretium iaculis, diam erat fermentum justo, nec condimentum neque sapien placerat ante. Nulla justo.', 46669, '694421038-X', 1, 4);
insert into listing (id, createdAt, updatedAt, title, description, price, isbn, categoryId, classId) values (20, '2020-05-24 20:08:25', '2020-03-17 17:20:55', 'Face to face heuristic workforce', 'Morbi porttitor lorem id ligula. Suspendisse ornare consequat lectus. In est risus, auctor sed, tristique in, tempus sit amet, sem.

Fusce consequat. Nulla nisl. Nunc nisl.

Duis bibendum, felis sed interdum venenatis, turpis enim blandit mi, in porttitor pede justo eu massa. Donec dapibus. Duis at velit eu est congue elementum.

In hac habitasse platea dictumst. Morbi vestibulum, velit id pretium iaculis, diam erat fermentum justo, nec condimentum neque sapien placerat ante. Nulla justo.', 37434, '722693776-X', 3, 3);
insert into listing (id, createdAt, updatedAt, title, description, price, isbn, categoryId, classId) values (21, '2020-01-03 12:26:28', '2020-10-11 02:02:25', 'Advanced global capacity', 'Pellentesque at nulla. Suspendisse potenti. Cras in purus eu magna vulputate luctus.

Cum sociis natoque penatibus et magnis dis parturient montes, nascetur ridiculus mus. Vivamus vestibulum sagittis sapien. Cum sociis natoque penatibus et magnis dis parturient montes, nascetur ridiculus mus.', 16853, '065029501-3', 3, 6);
insert into listing (id, createdAt, updatedAt, title, description, price, isbn, categoryId, classId) values (22, '2020-10-04 05:55:11', '2020-05-20 22:12:59', 'Expanded incremental access', 'Etiam vel augue. Vestibulum rutrum rutrum neque. Aenean auctor gravida sem.

Praesent id massa id nisl venenatis lacinia. Aenean sit amet justo. Morbi ut odio.

Cras mi pede, malesuada in, imperdiet et, commodo vulputate, justo. In blandit ultrices enim. Lorem ipsum dolor sit amet, consectetuer adipiscing elit.', 82071, '020642981-9', 5, 5);
insert into listing (id, createdAt, updatedAt, title, description, price, isbn, categoryId, classId) values (23, '2020-02-15 06:19:51', '2020-01-15 00:20:59', 'Synergized didactic complexity', 'In sagittis dui vel nisl. Duis ac nibh. Fusce lacus purus, aliquet at, feugiat non, pretium quis, lectus.

Suspendisse potenti. In eleifend quam a odio. In hac habitasse platea dictumst.

Maecenas ut massa quis augue luctus tincidunt. Nulla mollis molestie lorem. Quisque ut erat.', 89868, '715206813-5', 1, 7);
insert into listing (id, createdAt, updatedAt, title, description, price, isbn, categoryId, classId) values (24, '2020-05-25 12:46:43', '2020-03-14 08:24:28', 'Implemented system-worthy time-frame', 'Duis bibendum. Morbi non quam nec dui luctus rutrum. Nulla tellus.

In sagittis dui vel nisl. Duis ac nibh. Fusce lacus purus, aliquet at, feugiat non, pretium quis, lectus.

Suspendisse potenti. In eleifend quam a odio. In hac habitasse platea dictumst.

Maecenas ut massa quis augue luctus tincidunt. Nulla mollis molestie lorem. Quisque ut erat.', 55978, '072684653-8', 5, 3);
insert into listing (id, createdAt, updatedAt, title, description, price, isbn, categoryId, classId) values (25, '2020-04-19 17:32:21', '2020-03-29 23:16:09', 'Streamlined fault-tolerant artificial intelligence', 'In sagittis dui vel nisl. Duis ac nibh. Fusce lacus purus, aliquet at, feugiat non, pretium quis, lectus.

Suspendisse potenti. In eleifend quam a odio. In hac habitasse platea dictumst.

Maecenas ut massa quis augue luctus tincidunt. Nulla mollis molestie lorem. Quisque ut erat.

Curabitur gravida nisi at nibh. In hac habitasse platea dictumst. Aliquam augue quam, sollicitudin vitae, consectetuer eget, rutrum at, lorem.', 518, '544431423-1', 3, 1);
insert into listing (id, createdAt, updatedAt, title, description, price, isbn, categoryId, classId) values (26, '2020-08-28 07:34:22', '2020-08-29 01:30:32', 'Sharable attitude-oriented emulation', 'Proin interdum mauris non ligula pellentesque ultrices. Phasellus id sapien in sapien iaculis congue. Vivamus metus arcu, adipiscing molestie, hendrerit at, vulputate vitae, nisl.

Aenean lectus. Pellentesque eget nunc. Donec quis orci eget orci vehicula condimentum.', 63115, '443526971-6', 2, 7);
insert into listing (id, createdAt, updatedAt, title, description, price, isbn, categoryId, classId) values (27, '2020-10-31 07:54:55', '2020-09-12 04:09:09', 'Vision-oriented contextually-based forecast', 'Sed ante. Vivamus tortor. Duis mattis egestas metus.

Aenean fermentum. Donec ut mauris eget massa tempor convallis. Nulla neque libero, convallis eget, eleifend luctus, ultricies eu, nibh.

Quisque id justo sit amet sapien dignissim vestibulum. Vestibulum ante ipsum primis in faucibus orci luctus et ultrices posuere cubilia Curae; Nulla dapibus dolor vel est. Donec odio justo, sollicitudin ut, suscipit a, feugiat et, eros.', 51367, '682756438-X', 3, 8);
insert into listing (id, createdAt, updatedAt, title, description, price, isbn, categoryId, classId) values (28, '2020-09-05 01:42:51', '2020-08-21 03:26:05', 'Horizontal solution-oriented data-warehouse', 'Proin eu mi. Nulla ac enim. In tempor, turpis nec euismod scelerisque, quam turpis adipiscing lorem, vitae mattis nibh ligula nec sem.

Duis aliquam convallis nunc. Proin at turpis a pede posuere nonummy. Integer non velit.', 52728, '479323668-5', 5, 4);
insert into listing (id, createdAt, updatedAt, title, description, price, isbn, categoryId, classId) values (29, '2020-03-23 05:15:04', '2020-06-18 08:13:22', 'Business-focused solution-oriented conglomeration', 'Mauris enim leo, rhoncus sed, vestibulum sit amet, cursus id, turpis. Integer aliquet, massa id lobortis convallis, tortor risus dapibus augue, vel accumsan tellus nisi eu orci. Mauris lacinia sapien quis libero.

Nullam sit amet turpis elementum ligula vehicula consequat. Morbi a ipsum. Integer a nibh.

In quis justo. Maecenas rhoncus aliquam lacus. Morbi quis tortor id nulla ultrices aliquet.

Maecenas leo odio, condimentum id, luctus nec, molestie sed, justo. Pellentesque viverra pede ac diam. Cras pellentesque volutpat dui.', 54681, '634373996-3', 3, 4);
insert into listing (id, createdAt, updatedAt, title, description, price, isbn, categoryId, classId) values (30, '2020-05-18 06:57:26', '2020-08-19 00:24:16', 'Expanded bottom-line adapter', 'Phasellus sit amet erat. Nulla tempus. Vivamus in felis eu sapien cursus vestibulum.

Proin eu mi. Nulla ac enim. In tempor, turpis nec euismod scelerisque, quam turpis adipiscing lorem, vitae mattis nibh ligula nec sem.

Duis aliquam convallis nunc. Proin at turpis a pede posuere nonummy. Integer non velit.

Donec diam neque, vestibulum eget, vulputate ut, ultrices vel, augue. Vestibulum ante ipsum primis in faucibus orci luctus et ultrices posuere cubilia Curae; Donec pharetra, magna vestibulum aliquet ultrices, erat tortor sollicitudin mi, sit amet lobortis sapien sapien non mi. Integer ac neque.', 88400, '067702111-9', 3, 1);
insert into listing (id, createdAt, updatedAt, title, description, price, isbn, categoryId, classId) values (31, '2020-05-27 13:56:26', '2020-05-24 07:13:59', 'Extended empowering info-mediaries', 'Quisque porta volutpat erat. Quisque erat eros, viverra eget, congue eget, semper rutrum, nulla. Nunc purus.

Phasellus in felis. Donec semper sapien a libero. Nam dui.

Proin leo odio, porttitor id, consequat in, consequat ut, nulla. Sed accumsan felis. Ut at dolor quis odio consequat varius.', 55732, '584355035-4', 3, 4);
insert into listing (id, createdAt, updatedAt, title, description, price, isbn, categoryId, classId) values (32, '2020-09-07 09:32:12', '2020-03-14 10:08:47', 'Ergonomic optimizing ability', 'Duis aliquam convallis nunc. Proin at turpis a pede posuere nonummy. Integer non velit.

Donec diam neque, vestibulum eget, vulputate ut, ultrices vel, augue. Vestibulum ante ipsum primis in faucibus orci luctus et ultrices posuere cubilia Curae; Donec pharetra, magna vestibulum aliquet ultrices, erat tortor sollicitudin mi, sit amet lobortis sapien sapien non mi. Integer ac neque.

Duis bibendum. Morbi non quam nec dui luctus rutrum. Nulla tellus.

In sagittis dui vel nisl. Duis ac nibh. Fusce lacus purus, aliquet at, feugiat non, pretium quis, lectus.', 87828, '188845441-5', 5, 7);
insert into listing (id, createdAt, updatedAt, title, description, price, isbn, categoryId, classId) values (33, '2019-12-08 13:15:37', '2020-05-07 07:33:49', 'Adaptive clear-thinking conglomeration', 'Proin eu mi. Nulla ac enim. In tempor, turpis nec euismod scelerisque, quam turpis adipiscing lorem, vitae mattis nibh ligula nec sem.

Duis aliquam convallis nunc. Proin at turpis a pede posuere nonummy. Integer non velit.

Donec diam neque, vestibulum eget, vulputate ut, ultrices vel, augue. Vestibulum ante ipsum primis in faucibus orci luctus et ultrices posuere cubilia Curae; Donec pharetra, magna vestibulum aliquet ultrices, erat tortor sollicitudin mi, sit amet lobortis sapien sapien non mi. Integer ac neque.

Duis bibendum. Morbi non quam nec dui luctus rutrum. Nulla tellus.', 14353, '276214177-X', 5, 7);
insert into listing (id, createdAt, updatedAt, title, description, price, isbn, categoryId, classId) values (34, '2020-06-24 18:09:30', '2020-04-25 02:59:38', 'Ameliorated 24 hour middleware', 'Curabitur gravida nisi at nibh. In hac habitasse platea dictumst. Aliquam augue quam, sollicitudin vitae, consectetuer eget, rutrum at, lorem.

Integer tincidunt ante vel ipsum. Praesent blandit lacinia erat. Vestibulum sed magna at nunc commodo placerat.', 43187, '949339018-7', 2, 4);
insert into listing (id, createdAt, updatedAt, title, description, price, isbn, categoryId, classId) values (35, '2020-09-24 00:21:53', '2020-09-12 09:28:38', 'Fully-configurable bi-directional frame', 'Nulla ut erat id mauris vulputate elementum. Nullam varius. Nulla facilisi.

Cras non velit nec nisi vulputate nonummy. Maecenas tincidunt lacus at velit. Vivamus vel nulla eget eros elementum pellentesque.

Quisque porta volutpat erat. Quisque erat eros, viverra eget, congue eget, semper rutrum, nulla. Nunc purus.

Phasellus in felis. Donec semper sapien a libero. Nam dui.', 96653, '601637821-6', 4, 6);
insert into listing (id, createdAt, updatedAt, title, description, price, isbn, categoryId, classId) values (36, '2019-12-11 18:22:03', '2020-08-27 19:03:10', 'Configurable impactful methodology', 'Aliquam quis turpis eget elit sodales scelerisque. Mauris sit amet eros. Suspendisse accumsan tortor quis turpis.

Sed ante. Vivamus tortor. Duis mattis egestas metus.

Aenean fermentum. Donec ut mauris eget massa tempor convallis. Nulla neque libero, convallis eget, eleifend luctus, ultricies eu, nibh.

Quisque id justo sit amet sapien dignissim vestibulum. Vestibulum ante ipsum primis in faucibus orci luctus et ultrices posuere cubilia Curae; Nulla dapibus dolor vel est. Donec odio justo, sollicitudin ut, suscipit a, feugiat et, eros.', 27636, '817830794-4', 4, 7);
insert into listing (id, createdAt, updatedAt, title, description, price, isbn, categoryId, classId) values (37, '2020-01-25 11:54:31', '2020-05-22 10:03:32', 'Grass-roots upward-trending challenge', 'Vestibulum quam sapien, varius ut, blandit non, interdum in, ante. Vestibulum ante ipsum primis in faucibus orci luctus et ultrices posuere cubilia Curae; Duis faucibus accumsan odio. Curabitur convallis.

Duis consequat dui nec nisi volutpat eleifend. Donec ut dolor. Morbi vel lectus in quam fringilla rhoncus.', 78652, '634771369-1', 5, 3);
insert into listing (id, createdAt, updatedAt, title, description, price, isbn, categoryId, classId) values (38, '2020-08-24 14:20:29', '2020-04-15 13:16:30', 'Quality-focused didactic groupware', 'Fusce consequat. Nulla nisl. Nunc nisl.', 3522, '378571370-3', 1, 5);
insert into listing (id, createdAt, updatedAt, title, description, price, isbn, categoryId, classId) values (39, '2020-03-27 04:13:02', '2020-05-30 22:48:26', 'Centralized intermediate framework', 'Phasellus in felis. Donec semper sapien a libero. Nam dui.

Proin leo odio, porttitor id, consequat in, consequat ut, nulla. Sed accumsan felis. Ut at dolor quis odio consequat varius.

Integer ac leo. Pellentesque ultrices mattis odio. Donec vitae nisi.

Nam ultrices, libero non mattis pulvinar, nulla pede ullamcorper augue, a suscipit nulla elit ac nulla. Sed vel enim sit amet nunc viverra dapibus. Nulla suscipit ligula in lacus.', 52083, '863909741-0', 3, 6);
insert into listing (id, createdAt, updatedAt, title, description, price, isbn, categoryId, classId) values (40, '2020-09-15 14:36:28', '2019-11-24 02:36:08', 'Managed high-level website', 'Donec diam neque, vestibulum eget, vulputate ut, ultrices vel, augue. Vestibulum ante ipsum primis in faucibus orci luctus et ultrices posuere cubilia Curae; Donec pharetra, magna vestibulum aliquet ultrices, erat tortor sollicitudin mi, sit amet lobortis sapien sapien non mi. Integer ac neque.

Duis bibendum. Morbi non quam nec dui luctus rutrum. Nulla tellus.

In sagittis dui vel nisl. Duis ac nibh. Fusce lacus purus, aliquet at, feugiat non, pretium quis, lectus.

Suspendisse potenti. In eleifend quam a odio. In hac habitasse platea dictumst.', 7312, '330338590-4', 1, 2);
insert into listing (id, createdAt, updatedAt, title, description, price, isbn, categoryId, classId) values (41, '2020-07-10 11:28:03', '2020-04-26 23:24:30', 'Cross-platform upward-trending productivity', 'Duis bibendum, felis sed interdum venenatis, turpis enim blandit mi, in porttitor pede justo eu massa. Donec dapibus. Duis at velit eu est congue elementum.

In hac habitasse platea dictumst. Morbi vestibulum, velit id pretium iaculis, diam erat fermentum justo, nec condimentum neque sapien placerat ante. Nulla justo.

Aliquam quis turpis eget elit sodales scelerisque. Mauris sit amet eros. Suspendisse accumsan tortor quis turpis.', 87958, '069995574-2', 2, 3);
insert into listing (id, createdAt, updatedAt, title, description, price, isbn, categoryId, classId) values (42, '2020-09-26 23:07:09', '2020-10-09 14:52:00', 'Horizontal content-based parallelism', 'Suspendisse potenti. In eleifend quam a odio. In hac habitasse platea dictumst.

Maecenas ut massa quis augue luctus tincidunt. Nulla mollis molestie lorem. Quisque ut erat.', 27910, '070750309-4', 4, 8);
insert into listing (id, createdAt, updatedAt, title, description, price, isbn, categoryId, classId) values (43, '2020-05-24 06:43:34', '2019-12-27 21:46:00', 'Customer-focused attitude-oriented secured line', 'Quisque porta volutpat erat. Quisque erat eros, viverra eget, congue eget, semper rutrum, nulla. Nunc purus.', 95894, '506634481-0', 3, 2);
insert into listing (id, createdAt, updatedAt, title, description, price, isbn, categoryId, classId) values (44, '2020-08-11 06:14:18', '2020-02-23 21:35:26', 'Persevering context-sensitive data-warehouse', 'Lorem ipsum dolor sit amet, consectetuer adipiscing elit. Proin risus. Praesent lectus.

Vestibulum quam sapien, varius ut, blandit non, interdum in, ante. Vestibulum ante ipsum primis in faucibus orci luctus et ultrices posuere cubilia Curae; Duis faucibus accumsan odio. Curabitur convallis.', 41814, '986574246-2', 5, 7);
insert into listing (id, createdAt, updatedAt, title, description, price, isbn, categoryId, classId) values (45, '2020-08-28 04:50:46', '2020-08-24 11:41:34', 'Horizontal cohesive budgetary management', 'Quisque porta volutpat erat. Quisque erat eros, viverra eget, congue eget, semper rutrum, nulla. Nunc purus.

Phasellus in felis. Donec semper sapien a libero. Nam dui.

Proin leo odio, porttitor id, consequat in, consequat ut, nulla. Sed accumsan felis. Ut at dolor quis odio consequat varius.', 87911, '115144792-7', 3, 1);
insert into listing (id, createdAt, updatedAt, title, description, price, isbn, categoryId, classId) values (46, '2019-12-29 03:37:28', '2020-05-16 08:48:47', 'Ameliorated next generation framework', 'In hac habitasse platea dictumst. Morbi vestibulum, velit id pretium iaculis, diam erat fermentum justo, nec condimentum neque sapien placerat ante. Nulla justo.

Aliquam quis turpis eget elit sodales scelerisque. Mauris sit amet eros. Suspendisse accumsan tortor quis turpis.

Sed ante. Vivamus tortor. Duis mattis egestas metus.', 63378, '123759819-2', 3, 4);
insert into listing (id, createdAt, updatedAt, title, description, price, isbn, categoryId, classId) values (47, '2019-12-25 03:14:06', '2020-07-02 18:38:11', 'Secured value-added framework', 'Nullam porttitor lacus at turpis. Donec posuere metus vitae ipsum. Aliquam non mauris.', 80473, '558118376-7', 5, 3);
insert into listing (id, createdAt, updatedAt, title, description, price, isbn, categoryId, classId) values (48, '2020-01-29 00:52:05', '2019-12-07 12:46:43', 'Managed 24/7 model', 'Aliquam quis turpis eget elit sodales scelerisque. Mauris sit amet eros. Suspendisse accumsan tortor quis turpis.

Sed ante. Vivamus tortor. Duis mattis egestas metus.

Aenean fermentum. Donec ut mauris eget massa tempor convallis. Nulla neque libero, convallis eget, eleifend luctus, ultricies eu, nibh.', 41832, '219800416-X', 5, 3);
insert into listing (id, createdAt, updatedAt, title, description, price, isbn, categoryId, classId) values (49, '2020-07-24 20:30:31', '2019-11-17 16:08:52', 'Ameliorated 6th generation alliance', 'Lorem ipsum dolor sit amet, consectetuer adipiscing elit. Proin risus. Praesent lectus.

Vestibulum quam sapien, varius ut, blandit non, interdum in, ante. Vestibulum ante ipsum primis in faucibus orci luctus et ultrices posuere cubilia Curae; Duis faucibus accumsan odio. Curabitur convallis.', 21520, '080731180-4', 5, 3);
insert into listing (id, createdAt, updatedAt, title, description, price, isbn, categoryId, classId) values (50, '2020-04-15 13:32:30', '2019-11-22 14:07:24', 'Horizontal tertiary data-warehouse', 'Praesent blandit. Nam nulla. Integer pede justo, lacinia eget, tincidunt eget, tempus vel, pede.

Morbi porttitor lorem id ligula. Suspendisse ornare consequat lectus. In est risus, auctor sed, tristique in, tempus sit amet, sem.

Fusce consequat. Nulla nisl. Nunc nisl.', 56401, '787053462-5', 1, 5);

insert into listing_image (id, createdAt, updatedAt, name, url, listingId) values (1, '2020-03-31 06:34:10', '2020-01-10 13:12:45', 'project', 'https://648-group3-bucket.s3.amazonaws.com/unsamples/9uWkID2TCIE.jpg', 1);
insert into listing_image (id, createdAt, updatedAt, name, url, listingId) values (2, '2020-09-20 17:01:45', '2020-03-29 21:47:41', 'tertiary', 'https://648-group3-bucket.s3.amazonaws.com/unsamples/BLxcuIc4fUY.jpg', 2);
insert into listing_image (id, createdAt, updatedAt, name, url, listingId) values (3, '2020-02-20 23:40:32', '2020-09-07 11:34:49', 'extranet', 'https://648-group3-bucket.s3.amazonaws.com/unsamples/9uWkID2TCIE.jpg', 3);
insert into listing_image (id, createdAt, updatedAt, name, url, listingId) values (4, '2020-09-21 20:31:38', '2019-12-11 04:12:45', 'logistical', 'https://648-group3-bucket.s3.amazonaws.com/unsamples/CDUJrVX8GNs.jpg', 4);
insert into listing_image (id, createdAt, updatedAt, name, url, listingId) values (5, '2020-05-03 10:50:52', '2020-03-19 07:59:53', 'definition', 'https://648-group3-bucket.s3.amazonaws.com/unsamples/D5b7Hj5KNEA.jpg', 5);
insert into listing_image (id, createdAt, updatedAt, name, url, listingId) values (6, '2020-05-06 23:48:18', '2020-01-11 23:58:57', 'Extended', 'https://648-group3-bucket.s3.amazonaws.com/unsamples/DLEvzWzKtoM.jpg', 6);
insert into listing_image (id, createdAt, updatedAt, name, url, listingId) values (7, '2019-12-17 11:58:05', '2020-08-12 10:26:19', 'context-sensitive', 'https://648-group3-bucket.s3.amazonaws.com/unsamples/I90YtAHCTxo.jpg', 7);
insert into listing_image (id, createdAt, updatedAt, name, url, listingId) values (8, '2020-07-06 14:52:06', '2020-09-27 03:37:39', 'De-engineered', 'https://648-group3-bucket.s3.amazonaws.com/unsamples/IwP4-zdh2xk.jpg', 8);
insert into listing_image (id, createdAt, updatedAt, name, url, listingId) values (9, '2020-06-19 06:23:14', '2020-01-24 08:03:45', 'architecture', 'https://648-group3-bucket.s3.amazonaws.com/unsamples/L3xl8e-ArtQ.jpg', 9);
insert into listing_image (id, createdAt, updatedAt, name, url, listingId) values (10, '2020-10-17 16:38:50', '2020-07-08 07:02:30', 'Versatile', 'https://648-group3-bucket.s3.amazonaws.com/unsamples/LmlALzvuaOA.jpg', 10);
insert into listing_image (id, createdAt, updatedAt, name, url, listingId) values (11, '2020-03-06 09:23:52', '2020-01-26 06:39:47', 'Inverse', 'https://648-group3-bucket.s3.amazonaws.com/unsamples/Qjg1LqSPvGQ.jpg', 11);
insert into listing_image (id, createdAt, updatedAt, name, url, listingId) values (12, '2020-05-23 08:51:56', '2020-03-21 21:06:51', 'even-keeled', 'https://648-group3-bucket.s3.amazonaws.com/unsamples/Qy5ZmIj-0u8.jpg', 12);
insert into listing_image (id, createdAt, updatedAt, name, url, listingId) values (13, '2020-02-27 05:46:38', '2019-12-09 21:35:22', 'methodical', 'https://648-group3-bucket.s3.amazonaws.com/unsamples/9uWkID2TCIE.jpg', 13);
insert into listing_image (id, createdAt, updatedAt, name, url, listingId) values (14, '2020-03-22 19:32:11', '2019-12-14 20:23:27', 'Grass-roots', 'https://648-group3-bucket.s3.amazonaws.com/unsamples/BLxcuIc4fUY.jpg', 14);
insert into listing_image (id, createdAt, updatedAt, name, url, listingId) values (15, '2020-09-02 20:21:55', '2020-06-17 07:46:59', 'collaboration', 'https://648-group3-bucket.s3.amazonaws.com/unsamples/9uWkID2TCIE.jpg', 15);
insert into listing_image (id, createdAt, updatedAt, name, url, listingId) values (16, '2020-06-19 08:44:31', '2020-11-05 04:27:29', 'Team-oriented', 'https://648-group3-bucket.s3.amazonaws.com/unsamples/CDUJrVX8GNs.jpg', 16);
insert into listing_image (id, createdAt, updatedAt, name, url, listingId) values (17, '2020-01-31 07:09:35', '2020-04-27 19:04:23', 'artificial intelligence', 'https://648-group3-bucket.s3.amazonaws.com/unsamples/D5b7Hj5KNEA.jpg', 17);
insert into listing_image (id, createdAt, updatedAt, name, url, listingId) values (18, '2020-10-29 01:00:13', '2020-09-10 19:16:45', 'Function-based', 'https://648-group3-bucket.s3.amazonaws.com/unsamples/DLEvzWzKtoM.jpg', 18);
insert into listing_image (id, createdAt, updatedAt, name, url, listingId) values (19, '2020-10-04 02:50:09', '2020-08-31 07:22:21', 'knowledge user', 'https://648-group3-bucket.s3.amazonaws.com/unsamples/I90YtAHCTxo.jpg', 19);
insert into listing_image (id, createdAt, updatedAt, name, url, listingId) values (20, '2019-12-31 14:06:49', '2020-07-17 13:37:28', 'Pre-emptive', 'https://648-group3-bucket.s3.amazonaws.com/unsamples/IwP4-zdh2xk.jpg', 20);
insert into listing_image (id, createdAt, updatedAt, name, url, listingId) values (21, '2020-05-16 22:19:43', '2020-10-07 09:22:08', 'bottom-line', 'https://648-group3-bucket.s3.amazonaws.com/unsamples/L3xl8e-ArtQ.jpg', 21);
insert into listing_image (id, createdAt, updatedAt, name, url, listingId) values (22, '2019-12-24 23:05:31', '2020-08-25 19:17:50', 'Proactive', 'https://648-group3-bucket.s3.amazonaws.com/unsamples/LmlALzvuaOA.jpg', 22);
insert into listing_image (id, createdAt, updatedAt, name, url, listingId) values (23, '2020-11-02 16:03:53', '2020-10-15 14:09:41', 'directional', 'https://648-group3-bucket.s3.amazonaws.com/unsamples/Qjg1LqSPvGQ.jpg', 23);
insert into listing_image (id, createdAt, updatedAt, name, url, listingId) values (24, '2020-08-03 21:20:24', '2020-07-04 11:33:07', 'clear-thinking', 'https://648-group3-bucket.s3.amazonaws.com/unsamples/Qy5ZmIj-0u8.jpg', 24);
insert into listing_image (id, createdAt, updatedAt, name, url, listingId) values (25, '2020-01-04 04:49:45', '2020-03-12 01:32:44', 'Synergized', 'https://648-group3-bucket.s3.amazonaws.com/unsamples/9uWkID2TCIE.jpg', 25);
insert into listing_image (id, createdAt, updatedAt, name, url, listingId) values (26, '2020-02-23 21:54:58', '2020-07-26 21:32:16', 'asynchronous', 'https://648-group3-bucket.s3.amazonaws.com/unsamples/BLxcuIc4fUY.jpg', 26);
insert into listing_image (id, createdAt, updatedAt, name, url, listingId) values (27, '2020-01-16 16:36:50', '2019-11-26 21:03:13', 'systemic', 'https://648-group3-bucket.s3.amazonaws.com/unsamples/9uWkID2TCIE.jpg', 27);
insert into listing_image (id, createdAt, updatedAt, name, url, listingId) values (28, '2020-05-31 20:47:15', '2020-05-14 18:07:45', 'challenge', 'https://648-group3-bucket.s3.amazonaws.com/unsamples/CDUJrVX8GNs.jpg', 28);
insert into listing_image (id, createdAt, updatedAt, name, url, listingId) values (29, '2020-07-19 20:08:01', '2020-05-21 03:15:36', 'Expanded', 'https://648-group3-bucket.s3.amazonaws.com/unsamples/D5b7Hj5KNEA.jpg', 29);
insert into listing_image (id, createdAt, updatedAt, name, url, listingId) values (30, '2020-11-02 04:58:45', '2020-10-16 15:31:38', 'artificial intelligence', 'https://648-group3-bucket.s3.amazonaws.com/unsamples/DLEvzWzKtoM.jpg', 30);
insert into listing_image (id, createdAt, updatedAt, name, url, listingId) values (31, '2020-11-02 05:52:01', '2020-01-09 07:01:39', 'bottom-line', 'https://648-group3-bucket.s3.amazonaws.com/unsamples/I90YtAHCTxo.jpg', 31);
insert into listing_image (id, createdAt, updatedAt, name, url, listingId) values (32, '2020-03-27 16:13:39', '2019-12-02 09:39:05', 'national', 'https://648-group3-bucket.s3.amazonaws.com/unsamples/IwP4-zdh2xk.jpg', 32);
insert into listing_image (id, createdAt, updatedAt, name, url, listingId) values (33, '2020-08-25 06:37:57', '2020-10-25 02:04:19', 'frame', 'https://648-group3-bucket.s3.amazonaws.com/unsamples/L3xl8e-ArtQ.jpg', 33);
insert into listing_image (id, createdAt, updatedAt, name, url, listingId) values (34, '2020-01-21 19:08:33', '2020-03-25 23:48:39', 'Open-source', 'https://648-group3-bucket.s3.amazonaws.com/unsamples/LmlALzvuaOA.jpg', 34);
insert into listing_image (id, createdAt, updatedAt, name, url, listingId) values (35, '2020-10-19 00:24:20', '2020-05-22 11:09:47', 'methodology', 'https://648-group3-bucket.s3.amazonaws.com/unsamples/Qjg1LqSPvGQ.jpg', 35);
insert into listing_image (id, createdAt, updatedAt, name, url, listingId) values (36, '2020-07-18 02:14:28', '2020-03-30 10:17:55', 'extranet', 'https://648-group3-bucket.s3.amazonaws.com/unsamples/Qy5ZmIj-0u8.jpg', 36);
insert into listing_image (id, createdAt, updatedAt, name, url, listingId) values (37, '2019-12-02 20:53:52', '2020-02-26 12:09:26', 'open system', 'https://648-group3-bucket.s3.amazonaws.com/unsamples/9uWkID2TCIE.jpg', 37);
insert into listing_image (id, createdAt, updatedAt, name, url, listingId) values (38, '2019-12-30 19:09:49', '2020-03-18 19:21:54', 'productivity', 'https://648-group3-bucket.s3.amazonaws.com/unsamples/BLxcuIc4fUY.jpg', 38);
insert into listing_image (id, createdAt, updatedAt, name, url, listingId) values (39, '2020-08-27 19:21:45', '2020-03-07 18:02:55', 'disintermediate', 'https://648-group3-bucket.s3.amazonaws.com/unsamples/9uWkID2TCIE.jpg', 39);
insert into listing_image (id, createdAt, updatedAt, name, url, listingId) values (40, '2020-06-04 10:30:56', '2020-05-29 23:28:23', 'portal', 'https://648-group3-bucket.s3.amazonaws.com/unsamples/CDUJrVX8GNs.jpg', 40);
insert into listing_image (id, createdAt, updatedAt, name, url, listingId) values (41, '2020-06-06 19:07:06', '2020-09-24 08:12:34', 'core', 'https://648-group3-bucket.s3.amazonaws.com/unsamples/D5b7Hj5KNEA.jpg', 41);
insert into listing_image (id, createdAt, updatedAt, name, url, listingId) values (42, '2020-10-06 17:26:06', '2020-03-22 13:06:25', 'clear-thinking', 'https://648-group3-bucket.s3.amazonaws.com/unsamples/DLEvzWzKtoM.jpg', 42);
insert into listing_image (id, createdAt, updatedAt, name, url, listingId) values (43, '2020-02-25 01:49:02', '2020-09-26 19:40:20', 'fault-tolerant', 'https://648-group3-bucket.s3.amazonaws.com/unsamples/I90YtAHCTxo.jpg', 43);
insert into listing_image (id, createdAt, updatedAt, name, url, listingId) values (44, '2020-02-21 16:57:54', '2020-10-29 08:50:35', 'Compatible', 'https://648-group3-bucket.s3.amazonaws.com/unsamples/IwP4-zdh2xk.jpg', 44);
insert into listing_image (id, createdAt, updatedAt, name, url, listingId) values (45, '2020-01-11 04:51:23', '2020-03-08 03:23:26', 'Face to face', 'https://648-group3-bucket.s3.amazonaws.com/unsamples/L3xl8e-ArtQ.jpg', 45);
insert into listing_image (id, createdAt, updatedAt, name, url, listingId) values (46, '2020-06-12 20:17:36', '2020-01-08 07:25:21', 'throughput', 'https://648-group3-bucket.s3.amazonaws.com/unsamples/LmlALzvuaOA.jpg', 46);
insert into listing_image (id, createdAt, updatedAt, name, url, listingId) values (47, '2020-05-09 06:42:17', '2019-12-12 04:05:03', 'Inverse', 'https://648-group3-bucket.s3.amazonaws.com/unsamples/Qjg1LqSPvGQ.jpg', 47);
insert into listing_image (id, createdAt, updatedAt, name, url, listingId) values (48, '2020-06-28 22:07:29', '2020-09-25 17:35:24', 'fresh-thinking', 'https://648-group3-bucket.s3.amazonaws.com/unsamples/Qy5ZmIj-0u8.jpg', 48);
insert into listing_image (id, createdAt, updatedAt, name, url, listingId) values (49, '2020-06-28 21:51:14', '2020-08-19 17:40:31', 'attitude-oriented', 'https://648-group3-bucket.s3.amazonaws.com/unsamples/9uWkID2TCIE.jpg', 49);
insert into listing_image (id, createdAt, updatedAt, name, url, listingId) values (50, '2020-06-27 05:07:16', '2020-09-27 05:05:00', 'Multi-channelled', 'https://648-group3-bucket.s3.amazonaws.com/unsamples/BLxcuIc4fUY.jpg', 50);

insert into user (id, createdAt, updatedAt, email, password) values (1, '2020-03-05 08:06:19', '2020-09-28 10:48:01', 'test1@sfsu.edu', 123123);
insert into user (id, createdAt, updatedAt, email, password) values (2, '2019-11-16 15:51:56', '2020-01-09 20:52:06', 'test2@sfsu.edu', 123123);
insert into user (id, createdAt, updatedAt, email, password) values (3, '2020-05-13 03:36:29', '2020-02-26 18:38:08', 'test3@sfsu.edu', 123123);
insert into user (id, createdAt, updatedAt, email, password) values (4, '2020-04-30 23:01:58', '2020-10-01 13:26:15', 'test4@sfsu.edu', 123123);
insert into user (id, createdAt, updatedAt, email, password) values (5, '2020-04-30 15:57:47', '2020-06-28 02:33:11', 'test5@sfsu.edu', 123123);

insert into message (id, createdAt, updatedAt, body, senderId, receiverId) values (1, '2019-12-22 04:08:15', '2020-05-04 09:49:29', 'Cras non velit nec nisi vulputate nonummy. Maecenas tincidunt lacus at velit. Vivamus vel nulla eget eros elementum pellentesque.

Quisque porta volutpat erat. Quisque erat eros, viverra eget, congue eget, semper rutrum, nulla. Nunc purus.', 2, 5);
insert into message (id, createdAt, updatedAt, body, senderId, receiverId) values (2, '2020-10-19 01:58:09', '2019-11-21 15:03:56', 'Cras mi pede, malesuada in, imperdiet et, commodo vulputate, justo. In blandit ultrices enim. Lorem ipsum dolor sit amet, consectetuer adipiscing elit.', 2, 4);
insert into message (id, createdAt, updatedAt, body, senderId, receiverId) values (3, '2019-12-15 14:41:11', '2020-06-24 07:21:34', 'Integer tincidunt ante vel ipsum. Praesent blandit lacinia erat. Vestibulum sed magna at nunc commodo placerat.', 1, 4);
insert into message (id, createdAt, updatedAt, body, senderId, receiverId) values (4, '2019-12-10 06:19:17', '2020-03-05 23:02:46', 'Duis aliquam convallis nunc. Proin at turpis a pede posuere nonummy. Integer non velit.', 1, 5);
insert into message (id, createdAt, updatedAt, body, senderId, receiverId) values (5, '2020-06-18 01:36:49', '2020-09-29 07:14:49', 'Aenean fermentum. Donec ut mauris eget massa tempor convallis. Nulla neque libero, convallis eget, eleifend luctus, ultricies eu, nibh.

Quisque id justo sit amet sapien dignissim vestibulum. Vestibulum ante ipsum primis in faucibus orci luctus et ultrices posuere cubilia Curae; Nulla dapibus dolor vel est. Donec odio justo, sollicitudin ut, suscipit a, feugiat et, eros.', 2, 4);
insert into message (id, createdAt, updatedAt, body, senderId, receiverId) values (6, '2020-08-04 00:56:18', '2020-03-08 14:12:48', 'Morbi non lectus. Aliquam sit amet diam in magna bibendum imperdiet. Nullam orci pede, venenatis non, sodales sed, tincidunt eu, felis.

Fusce posuere felis sed lacus. Morbi sem mauris, laoreet ut, rhoncus aliquet, pulvinar sed, nisl. Nunc rhoncus dui vel sem.', 2, 4);
insert into message (id, createdAt, updatedAt, body, senderId, receiverId) values (7, '2020-04-09 19:47:51', '2020-09-01 19:33:02', 'Curabitur at ipsum ac tellus semper interdum. Mauris ullamcorper purus sit amet nulla. Quisque arcu libero, rutrum ac, lobortis vel, dapibus at, diam.', 3, 4);
insert into message (id, createdAt, updatedAt, body, senderId, receiverId) values (8, '2020-09-27 08:36:50', '2020-02-14 14:57:41', 'Nullam sit amet turpis elementum ligula vehicula consequat. Morbi a ipsum. Integer a nibh.', 1, 4);
insert into message (id, createdAt, updatedAt, body, senderId, receiverId) values (9, '2020-08-04 01:57:21', '2020-02-17 03:29:52', 'Maecenas tristique, est et tempus semper, est quam pharetra magna, ac consequat metus sapien ut nunc. Vestibulum ante ipsum primis in faucibus orci luctus et ultrices posuere cubilia Curae; Mauris viverra diam vitae quam. Suspendisse potenti.

Nullam porttitor lacus at turpis. Donec posuere metus vitae ipsum. Aliquam non mauris.', 2, 4);
insert into message (id, createdAt, updatedAt, body, senderId, receiverId) values (10, '2020-05-04 08:15:38', '2020-09-10 12:36:37', 'Pellentesque at nulla. Suspendisse potenti. Cras in purus eu magna vulputate luctus.

Cum sociis natoque penatibus et magnis dis parturient montes, nascetur ridiculus mus. Vivamus vestibulum sagittis sapien. Cum sociis natoque penatibus et magnis dis parturient montes, nascetur ridiculus mus.', 3, 4);
insert into message (id, createdAt, updatedAt, body, senderId, receiverId) values (11, '2020-05-02 06:25:50', '2020-06-14 19:40:16', 'Cras mi pede, malesuada in, imperdiet et, commodo vulputate, justo. In blandit ultrices enim. Lorem ipsum dolor sit amet, consectetuer adipiscing elit.', 3, 4);
insert into message (id, createdAt, updatedAt, body, senderId, receiverId) values (12, '2020-10-19 04:45:47', '2020-09-04 11:06:32', 'Integer tincidunt ante vel ipsum. Praesent blandit lacinia erat. Vestibulum sed magna at nunc commodo placerat.

Praesent blandit. Nam nulla. Integer pede justo, lacinia eget, tincidunt eget, tempus vel, pede.', 3, 5);
insert into message (id, createdAt, updatedAt, body, senderId, receiverId) values (13, '2020-01-21 14:09:29', '2020-05-15 07:28:59', 'Duis bibendum. Morbi non quam nec dui luctus rutrum. Nulla tellus.

In sagittis dui vel nisl. Duis ac nibh. Fusce lacus purus, aliquet at, feugiat non, pretium quis, lectus.', 3, 5);
insert into message (id, createdAt, updatedAt, body, senderId, receiverId) values (14, '2020-06-03 22:35:50', '2019-12-22 17:48:31', 'Phasellus in felis. Donec semper sapien a libero. Nam dui.', 2, 4);
insert into message (id, createdAt, updatedAt, body, senderId, receiverId) values (15, '2020-07-30 05:18:27', '2019-12-21 19:56:55', 'Pellentesque at nulla. Suspendisse potenti. Cras in purus eu magna vulputate luctus.', 1, 5);
insert into message (id, createdAt, updatedAt, body, senderId, receiverId) values (16, '2020-10-22 01:44:55', '2020-03-13 03:32:57', 'In hac habitasse platea dictumst. Etiam faucibus cursus urna. Ut tellus.

Nulla ut erat id mauris vulputate elementum. Nullam varius. Nulla facilisi.', 2, 5);
insert into message (id, createdAt, updatedAt, body, senderId, receiverId) values (17, '2020-01-14 14:42:47', '2019-12-19 05:37:08', 'Mauris enim leo, rhoncus sed, vestibulum sit amet, cursus id, turpis. Integer aliquet, massa id lobortis convallis, tortor risus dapibus augue, vel accumsan tellus nisi eu orci. Mauris lacinia sapien quis libero.', 2, 5);
insert into message (id, createdAt, updatedAt, body, senderId, receiverId) values (18, '2020-02-21 15:44:24', '2019-11-16 14:17:25', 'Etiam vel augue. Vestibulum rutrum rutrum neque. Aenean auctor gravida sem.

Praesent id massa id nisl venenatis lacinia. Aenean sit amet justo. Morbi ut odio.', 1, 5);
insert into message (id, createdAt, updatedAt, body, senderId, receiverId) values (19, '2020-01-31 09:35:36', '2020-02-10 13:02:23', 'Phasellus in felis. Donec semper sapien a libero. Nam dui.', 1, 4);
insert into message (id, createdAt, updatedAt, body, senderId, receiverId) values (20, '2020-09-14 22:33:55', '2020-09-20 01:15:42', 'Duis bibendum. Morbi non quam nec dui luctus rutrum. Nulla tellus.

In sagittis dui vel nisl. Duis ac nibh. Fusce lacus purus, aliquet at, feugiat non, pretium quis, lectus.', 1, 4);



